{
  "data": {
    "amount": 1.2773999999999999,
    "close": 0.063663,
    "count": 33,
    "high": 0.066885,
    "id": 236700983081,
    "low": 0.063056,
    "open": 0.06325,
    "version": 236700983081,
    "vol": 0.08368749850000001
  },
  "id": null,
  "rep": "market.ethbtc.detail",
  "status": "ok",
  "ts": 1634292470438
}
