{
  "ch": "market.ethbtc.depth.step1",
  "tick": {
    "asks": [
      [
        0.06368,
        0.08
      ],
      [
        0.06369,
        2.1153
      ],
      [
        0.0637,
        0.0059
      ],
      [
        0.06371,
        8.4682
      ],
      [
        0.06372,
        7.2289
      ],
      [
        0.06373,
        4.8574
      ],
      [
        0.06374,
        5.0271
      ],
      [
        0.06375,
        2.9071
      ],
      [
        0.06376,
        2.836
      ],
      [
        0.06377,
        8.9544
      ],
      [
        0.06378,
        3.9675
      ],
      [
        0.06379,
        0.319
      ],
      [
        0.0638,
        11.7413
      ],
      [
        0.06381,
        6.1941
      ],
      [
        0.06382,
        10.4117
      ],
      [
        0.06383,
        0.6722
      ],
      [
        0.06384,
        14.5491
      ],
      [
        0.06385,
        3.3439
      ],
      [
        0.06386,
        8.3442
      ],
      [
        0.06388,
        0.1444
      ]
    ],
    "bids": [
      [
        0.06367,
        2.1995
      ],
      [
        0.06366,
        8.7568
      ],
      [
        0.06365,
        13.4898
      ],
      [
        0.06364,
        7.4615
      ],
      [
        0.06363,
        5.7833
      ],
      [
        0.06362,
        8.1731
      ],
      [
        0.06361,
        3.3192
      ],
      [
        0.0636,
        2.3983
      ],
      [
        0.06359,
        5.2298
      ],
      [
        0.06358,
        1.3656
      ],
      [
        0.06357,
        1.1981
      ],
      [
        0.06356,
        2.6067
      ],
      [
        0.06355,
        7.1018
      ],
      [
        0.06354,
        4.8783
      ],
      [
        0.06353,
        22.41
      ],
      [
        0.06351,
        14.1043
      ],
      [
        0.0635,
        18.1947
      ],
      [
        0.06349,
        0.6849
      ],
      [
        0.06348,
        4.3245
      ],
      [
        0.06347,
        0.084
      ]
    ],
    "ts": 1634292457001,
    "version": 118361168720
  },
  "ts": 1634292457241
}
