{
  "ch": "market.ethbtc.kline.1min",
  "tick": {
    "amount": 1.0033,
    "close": 0.063664,
    "count": 6,
    "high": 0.063681,
    "id": 1634292420,
    "low": 0.063664,
    "open": 0.063681,
    "vol": 0.0638846153
  },
  "ts": 1634292465178
}
