{
  "data": {
    "amount": 1.2648,
    "close": 0.06392,
    "count": 31,
    "high": 0.066885,
    "id": 236698739672,
    "low": 0.063056,
    "open": 0.063175,
    "version": 236698739672,
    "vol": 0.08288240000000001
  },
  "id": "id12",
  "rep": "market.ethbtc.detail",
  "status": "ok",
  "ts": 1634287664423
}
