{
  "ch": "market.ethbtc.depth.step1",
  "tick": {
    "asks": [
      [
        0.0639,
        1.8
      ],
      [
        0.06391,
        17.214
      ],
      [
        0.06392,
        10.4535
      ],
      [
        0.06393,
        21.1043
      ],
      [
        0.06394,
        0.4895
      ],
      [
        0.06395,
        3.1244
      ],
      [
        0.06396,
        4.8943
      ],
      [
        0.06397,
        0.9047
      ],
      [
        0.06398,
        2.4301
      ],
      [
        0.06399,
        4.5138
      ],
      [
        0.064,
        0.7988
      ],
      [
        0.06401,
        2.5218
      ],
      [
        0.06402,
        15.2782
      ],
      [
        0.06403,
        0.8887
      ],
      [
        0.06404,
        1.5733
      ],
      [
        0.06405,
        7.7577
      ],
      [
        0.06406,
        6.7785
      ],
      [
        0.06407,
        11.254
      ],
      [
        0.06408,
        0.155
      ],
      [
        0.06409,
        3.335
      ]
    ],
    "bids": [
      [
        0.06389,
        0.1236
      ],
      [
        0.06388,
        0.3734
      ],
      [
        0.06387,
        3.3337
      ],
      [
        0.06386,
        9.6046
      ],
      [
        0.06385,
        5.4375
      ],
      [
        0.06384,
        2.5128
      ],
      [
        0.06383,
        6.2516
      ],
      [
        0.06382,
        3.8419
      ],
      [
        0.06381,
        1.2829
      ],
      [
        0.0638,
        1.0155
      ],
      [
        0.06379,
        6.3085
      ],
      [
        0.06378,
        2
      ],
      [
        0.06377,
        5.5184
      ],
      [
        0.06376,
        16.5814
      ],
      [
        0.06375,
        0.0688
      ],
      [
        0.06374,
        4.8929
      ],
      [
        0.06373,
        10.5418
      ],
      [
        0.06372,
        1.378
      ],
      [
        0.06371,
        47.4615
      ],
      [
        0.0637,
        3.5439
      ]
    ],
    "ts": 1634287651000,
    "version": 118359916482
  },
  "ts": 1634287651912
}
