{
  "ch": "market.ethbtc.kline.1min",
  "tick": {
    "amount": 9.9831,
    "close": 0.06392,
    "count": 84,
    "high": 0.063971,
    "id": 1634287620,
    "low": 0.063888,
    "open": 0.063971,
    "vol": 0.6379875894
  },
  "ts": 1634287661862
}
