{
  "ch": "market.btcjpy.kline.1day",
  "status": "ok",
  "ts": 1632969868010,
  "data": [
    {
      "id": 1632931200,
      "open": 4663135,
      "close": 4815018,
      "low": 4580081,
      "high": 4830000,
      "amount": 6.634525507825414,
      "vol": 31208129.2684,
      "count": 7534
    },
    {
      "id": 1632844800,
      "open": 4621790,
      "close": 4662895,
      "low": 4550403,
      "high": 4763039,
      "amount": 32.57668369170352,
      "vol": 152697278.3816,
      "count": 18230
    }
  ]
}
