{
  "ch": "market.ethjpy.detail.merged",
  "status": "ok",
  "ts": 1632981045638,
  "tick": {
    "id": 201018141213,
    "version": 201018141213,
    "open": 323786,
    "close": 339349,
    "low": 312053,
    "high": 340294,
    "amount": 9.738126685212897,
    "vol": 3175875.8505999995,
    "count": 2424,
    "bid": [
      339002,
      0.0031
    ],
    "ask": [
      339023,
      0.0026
    ]
  }
}
